Rank,Country,Proven_reserves,Production ,Consumption ,Exports ,Imports 
1,Venezuela,298350000000,3023000.0,571000.0,2452000.0,0.0
2,Saudi Arabia,267900000000,9684700.0,2817000.0,6880000.0,0.0
3,Canada,173100000000,3324300.0,2259000.0,1576000.0,770300.0
4,Iran,154600000000,3113300.0,1709000.0,2445000.0,15600.0
5,Iraq,141400000000,3054400.0,818000.0,2390000.0,0.0
6,Kuwait,104000000000,2650000.0,339000.0,1395000.0,0.0
7,United Arab Emirates,97800000000,2820000.0,572100.0,2142000.0,0.0
8,Russia,80000000000,10053800.0,3196000.0,4720000.0,16380.0
9,Libya,48010000000,918300.0,314000.0,1378000.0,0.0
10,Nigeria,37200000000,2367400.0,271600.0,2341000.0,0.0
11,Kazakhstan,30000000000,1572900.0,244200.0,1406000.0,119600.0
12,Qatar,25380000000,1553000.0,189700.0,1389000.0,0.0
13,United States,20680000000,7443400.0,18840000.0,41640.0,9213000.0
14,China,17300000000,4164100.0,9790000.0,33000.0,5664000.0
15,Brazil,13150000000,2023900.0,2594000.0,619100.0,343600.0
16,Algeria,12200000000,1461800.0,316400.0,1097000.0,6400.0
17,Angola,10470000000,1830700.0,79430.0,1928000.0,0.0
18,Mexico,10260000000,2561900.0,2133000.0,1460000.0,0.0
19,Ecuador,8240000000,526100.0,280000.0,413000.0,154000.0
20,Azerbaijan,7000000000,870600.0,168000.0,821000.0,0.0
21,Oman,5500000000,939900.0,98000.0,705100.0,0.0
22,India,5476000000,772100.0,3292000.0,0.0,3272000.0
23,Norway,5366000000,1529900.0,255200.0,1602000.0,11320.0
24,Egypt,4400000000,514400.0,816300.0,85000.0,48740.0
25,Vietnam,4400000000,335500.0,259900.0,188000.0,0.0
26,Indonesia,4030000000,825200.0,1322000.0,338100.0,388400.0
27,Malaysia,4000000000,515700.0,542900.0,269000.0,160500.0
28,South Sudan,3750000000,220000.0,,291800.0,0.0
29,United Kingdom,3122000000,801300.0,1217000.0,637800.0,1053000.0
30,Yemen,3000000000,129200.0,177000.0,175200.0,0.0
31,Argentina,2805000000,539800.0,678100.0,90920.0,0.0
32,Syria,2500000000,58000.0,258800.0,152400.0,0.0
33,Uganda,2500000000,0.0,16930.0,0.0,0.0
34,Colombia,2200000000,1003200.0,287000.0,777900.0,10.0
35,Gabon,2000000000,243200.0,15800.0,225300.0,0.0
36,Republic of the Congo,1600000000,265500.0,10710.0,290000.0,0.0
37,Chad,1500000000,97900.0,1817.0,125700.0,0.0
38,Australia,1433000000,332400.0,1023000.0,314100.0,475900.0
39,Sudan,1250000000,28830.0,95450.0,97270.0,0.0
40,Brunei,1100000000,122000.0,14640.0,147900.0,0.0
41,Equatorial Guinea,1100000000,269800.0,1588.0,319100.0,0.0
42,Denmark,805000000,175400.0,160200.0,155200.0,55010.0
43,Trinidad and Tobago,728300000,81300.0,41000.0,75340.0,70260.0
44,Ghana,660000000,97900.0,61590.0,0.0,32060.0
45,Turkmenistan,600000000,228500.0,145000.0,67000.0,0.0
46,Romania,600000000,85100.0,218200.0,1604.0,122000.0
47,Uzbekistan,594000000,70000.0,137100.0,0.0,0.0
48,Peru,579200000,62900.0,206900.0,15610.0,99590.0
49,Italy,521300000,101800.0,1454000.0,6300.0,1591000.0
50,Thailand,453300000,240600.0,721100.0,32200.0,793900.0
51,Tunisia,425000000,62200.0,88380.0,77980.0,3680.0
52,Ukraine,395000000,43200.0,320600.0,0.0,155300.0
53,Netherlands,352000000,22900.0,1010000.0,35500.0,1202000.0
54,Turkey,270400000,46200.0,706100.0,0.0,338900.0
55,Germany,254200000,55900.0,2400000.0,14260.0,1876000.0
56,Pakistan,247500000,59900.0,426700.0,0.0,151200.0
57,Bolivia,209800000,47000.0,55560.0,61.0,0.0
58,Cameroon,200000000,62800.0,29410.0,55680.0,34220.0
59,Belarus,198000000,30000.0,188800.0,0.0,294800.0
60,Democratic Republic of the Congo,180000000,20000.0,10240.0,22240.0,0.0
61,Albania,172400000,17000.0,38390.0,23320.0,0.0
62,Poland,156500000,19200.0,576600.0,3615.0,547900.0
63,Papua New Guinea,154300000,28100.0,36320.0,28400.0,14880.0
64,Spain,150000000,8000.0,1384000.0,0.0,1061000.0
65,Chile,150000000,6700.0,321700.0,0.0,169700.0
66,Philippines,138500000,21000.0,315600.0,20090.0,182000.0
67,Bahrain,124600000,48000.0,51450.0,152600.0,256000.0
68,Cuba,124000000,50000.0,150200.0,83000.0,165000.0
69,Côte d'Ivoire,100000000,37000.0,24630.0,32190.0,49780.0
70,France,85180000,16000.0,1792000.0,0.0,1298000.0
71,Austria,85000000,16200.0,210700.0,0.0,139000.0
72,Guatemala,83070000,10000.0,80810.0,10960.0,0.0
73,New Zealand,81400000,35300.0,148900.0,47290.0,99810.0
74,Serbia,77500000,16500.0,72770.0,0.0,33330.0
75,Suriname,76800000,15000.0,14100.0,7621.0,1.0
76,Croatia,71000000,12000.0,74410.0,0.0,51470.0
77,Burma,50000000,20000.0,40620.0,0.0,0.0
78,Japan,44120000,4700.0,4464000.0,0.0,3472000.0
79,Kyrgyzstan,40000000,1000.0,16640.0,0.0,0.0
80,Georgia,35000000,1000.0,17280.0,531.0,0.0
81,Bangladesh,28000000,4000.0,108900.0,0.0,23620.0
82,Hungary,27320000,12000.0,141100.0,0.0,114800.0
83,Mauritania,20000000,6800.0,18120.0,7337.0,0.0
84,Bulgaria,15000000,1000.0,112700.0,0.0,124700.0
85,South Africa,15000000,3600.0,590900.0,0.0,385100.0
86,Czech Republic,15000000,3000.0,199000.0,404.0,154000.0
87,Tajikistan,12000000,553.0,20090.0,0.0,0.0
88,Lithuania,12000000,9111.0,70390.0,2181.0,190100.0
89,Israel,11500000,5839.0,238400.0,0.0,260600.0
90,Greece,10000000,7497.0,343400.0,17020.0,405500.0
91,Slovakia,9000000,9277.0,83910.0,263.0,108400.0
92,Benin,8000000,0.0,29170.0,0.0,0.0
93,Belize,6700000,3239.0,7044.0,4345.0,0.0
94,Taiwan,2380000,21680.0,786100.0,0.0,885900.0
95,Barbados,2260000,1001.0,8339.0,765.0,0.0
96,Jordan,1000000,165.0,107000.0,0.0,68320.0
97,Morocco,680000,5057.0,203600.0,0.0,122900.0
98,Ethiopia,430000,100.0,49080.0,0.0,0.0
99,Moldova,7330,221.0,15320.0,0.0,0.0
100,Aruba,0,2811.0,5661.0,0.0,228800.0
101,Antigua and Barbuda,0,0.0,5000.0,0.0,0.0
102,Armenia,0,0.0,45300.0,0.0,0.0
103,American Samoa,0,0.0,5115.0,0.0,0.0
104,Botswana,0,0.0,15420.0,0.0,0.0
105,Bermuda,0,0.0,2747.0,0.0,0.0
106,Belgium,0,10530.0,644400.0,0.0,667700.0
107,Bahamas,0,0.0,36300.0,0.0,0.0
108,Bosnia and Herzegovina,0,0.0,27540.0,0.0,22140.0
109,Solomon Islands,0,0.0,1728.0,0.0,0.0
110,Bhutan,0,0.0,1719.0,0.0,0.0
111,Burundi,0,0.0,2290.0,0.0,0.0
112,Cambodia,0,1.0,39350.0,0.0,0.0
113,Curaçao,0,,72000.0,,
114,Sri Lanka,0,0.0,89620.0,0.0,36380.0
115,Cayman Islands,0,0.0,3141.0,0.0,0.0
116,Comoros,0,0.0,1025.0,0.0,0.0
117,Costa Rica,0,291.0,50200.0,0.0,10040.0
118,Central African Republic,0,0.0,3175.0,0.0,0.0
119,Cabo Verde,0,0.0,2608.0,0.0,0.0
120,Cook Islands,0,0.0,974.0,0.0,0.0
121,Cyprus,0,8.0,58430.0,0.0,0.0
122,Djibouti,0,0.0,12460.0,0.0,0.0
123,Dominica,0,0.0,918.0,0.0,0.0
124,Dominican Republic,0,61.0,122300.0,0.0,27260.0
125,Ireland,0,726.0,144000.0,1858.0,62070.0
126,Estonia,0,11000.0,26340.0,7624.0,0.0
127,Eritrea,0,0.0,4480.0,0.0,0.0
128,El Salvador,0,0.0,44040.0,0.0,16160.0
129,Finland,0,13530.0,204800.0,0.0,214700.0
130,Fiji,0,30.0,17810.0,0.0,0.0
131,Falkland Islands,0,0.0,300.0,0.0,0.0
132,Faroe Islands,0,0.0,4871.0,0.0,0.0
133,French Polynesia,0,0.0,8000.0,0.0,0.0
134,Gambia,0,0.0,3181.0,0.0,0.0
135,Gibraltar,0,0.0,24920.0,0.0,0.0
136,Grenada,0,0.0,2803.0,0.0,0.0
137,Greenland,0,0.0,3897.0,0.0,0.0
138,Guam,0,0.0,14490.0,0.0,0.0
139,Guinea,0,0.0,8671.0,0.0,0.0
140,Guyana,0,0.0,10910.0,0.0,0.0
—,Gaza Strip,0,,,,
141,Haiti,0,0.0,14000.0,0.0,0.0
142,Hong Kong,0,0.0,333900.0,0.0,0.0
143,Honduras,0,20.0,58150.0,0.0,0.0
144,Iceland,0,0.0,20770.0,0.0,0.0
145,Jamaica,0,2120.0,78520.0,0.0,22940.0
146,Kenya,0,0.0,79410.0,0.0,31040.0
147,North Korea,0,0.0,15000.0,0.0,10500.0
148,Kiribati,0,0.0,300.0,0.0,0.0
149,South Korea,0,0.0,2301000.0,0.0,2590000.0
150,Laos,0,0.0,3391.0,0.0,0.0
151,Lebanon,0,0.0,106700.0,0.0,0.0
152,Latvia,0,1000.0,31340.0,0.0,0.0
153,Liberia,0,0.0,3533.0,0.0,0.0
154,Lesotho,0,0.0,1777.0,0.0,0.0
155,Luxembourg,0,0.0,61380.0,0.0,0.0
156,Madagascar,0,0.0,17480.0,0.0,0.0
—,Macau,0,0.0,7376.0,0.0,0.0
—,Montserrat,0,0.0,1000.0,0.0,0.0
157,Malawi,0,200.0,12060.0,0.0,0.0
158,Montenegro,0,0.0,4446.0,0.0,0.0
159,Macedonia,0,0.0,17490.0,0.0,51510.0
160,Mali,0,0.0,4994.0,0.0,0.0
161,Mauritius,0,0.0,24710.0,0.0,0.0
162,Malta,0,0.0,19520.0,0.0,0.0
163,Maldives,0,0.0,6875.0,0.0,0.0
164,Mozambique,0,20.0,19580.0,0.0,0.0
165,New Caledonia,0,0.0,13640.0,0.0,0.0
166,Niue,0,0.0,0.0,0.0,0.0
167,Vanuatu,0,0.0,1170.0,0.0,0.0
168,Nepal,0,0.0,18430.0,0.0,0.0
169,Nauru,0,0.0,1000.0,0.0,0.0
170,Nicaragua,0,0.0,30690.0,0.0,12910.0
171,Paraguay,0,2000.0,26820.0,0.0,0.0
172,Panama,0,0.0,98890.0,0.0,0.0
173,Portugal,0,5250.0,259700.0,0.0,222300.0
174,Guinea-Bissau,0,0.0,2922.0,0.0,0.0
175,Puerto Rico,0,674.0,151600.0,0.0,0.0
176,Rwanda,0,10.0,5245.0,0.0,0.0
177,Saint Pierre and Miquelon,0,0.0,974.0,0.0,0.0
178,Saint Kitts and Nevis,0,0.0,1496.0,0.0,0.0
179,Seychelles,0,0.0,7793.0,0.0,0.0
180,Senegal,0,0.0,40600.0,0.0,15500.0
181,Saint Helena,0,0.0,100.0,0.0,0.0
182,Slovenia,0,305.0,52930.0,0.0,0.0
183,Sierra Leone,0,25.0,8768.0,0.0,0.0
184,Singapore,0,20170.0,1380000.0,0.0,1137000.0
185,Somalia,0,0.0,5659.0,0.0,0.0
186,Saint Lucia,0,0.0,2922.0,0.0,0.0
187,Sweden,0,11270.0,316000.0,0.0,398100.0
188,Switzerland,0,3613.0,258200.0,0.0,258200.0
189,Turks and Caicos Islands,0,0.0,999.0,0.0,0.0
—,Tokelau,0,,,,
190,Tonga,0,0.0,1221.0,0.0,0.0
191,Togo,0,0.0,28670.0,0.0,0.0
192,Sao Tome and Principe,0,0.0,904.0,0.0,0.0
193,Timor-Leste,0,79490.0,2755.0,87000.0,0.0
194,Tanzania,0,10.0,43310.0,0.0,0.0
195,Burkina Faso,0,0.0,9960.0,0.0,0.0
196,Uruguay,0,1183.0,51100.0,0.0,38680.0
197,Saint Vincent and the Grenadines,0,0.0,1948.0,0.0,0.0
198,British Virgin Islands,0,0.0,1000.0,0.0,0.0
199,U.S. Virgin Islands,0,14880.0,106100.0,0.0,402000.0
200,Namibia,0,0.0,22990.0,0.0,0.0
201,West Bank,0,0.0,29310.0,0.0,0.0
202,Western Sahara,0,0.0,1948.0,0.0,0.0
203,Samoa,0,0.0,1070.0,0.0,0.0
204,Swaziland,0,0.0,4567.0,0.0,0.0
205,Zambia,0,175.0,19260.0,0.0,12500.0
206,Zimbabwe,0,120.0,19030.0,0.0,0.0
